[
  {
    "id": 1,
    "title": "Tecnologia avança com novos sistemas de IA",
    "date": "2025-10-12",
    "category": "tecnologia",
    "image": "https://images.unsplash.com/photo-1518773553398-650c184e0bb3",
    "content": "<p>A tecnologia de inteligência artificial evoluiu de forma acelerada...</p><p>Novos modelos agora conseguem realizar tarefas complexas.</p>"
  },
  {
    "id": 2,
    "title": "Novo parque ecológico inaugurado",
    "date": "2025-09-22",
    "category": "politica",
    "image": "https://images.unsplash.com/photo-1503264116251-35a269479413",
    "content": "<p>O município recebeu um moderno parque ecológico...</p><p>As obras duraram 18 meses e custaram R$ 12 milhões.</p>"
  },
  {
    "id": 6,
    "title": "Novo parque ecológico inaugurado",
    "date": "2025-09-22",
    "category": "politica",
    "image": "https://images.unsplash.com/photo-1503264116251-35a269479413",
    "content": "<p>O município recebeu um moderno parque ecológico...</p><p>As obras duraram 18 meses e custaram R$ 12 milhões.</p>"
  }
]
